	Original Data (Indonesian)	Translated Data Into English	Sentiment	Emotion
0	bukan menyenangkan malah bikin kesal hp saya realme c 11 malah ngeblank hitam ga masuk keloading giliran udah masuk malah loading nya berhenti masuk juga mod nya kadang muncul kadang ga ada mod nya.dan juga traffic nya udah tau ada mobil pengen belok masih ajj ditabrak kasih lampu sein juga sama.traffik nya juga masih ada yang lama jalan nya.dan yang mau kemaluku jalan nya lah dikondisikan masa ya susah banget jalan nya. Makasih tolong respon. 	it's not fun, it even irritates my cellphone, realme c 11, instead it turns black, doesn't go into loading, the turn has entered, instead the loading stops, the mod sometimes appears, sometimes there's no mod. the turn signal is the same. the traffic also still takes a long time. and those who want to go to my shame, the conditions are that it's really hard to go. Thanks please respond.	Negative	Anger
1	kalo ngak niat bikin gamenya bagus hapus aja dah gamenya, masa setiap narik atau mabar diconet mulu, kalo niat bikin game update ada apa saja bug pada game, kalo udah bener ntar kasih bintang 5 	if you don't intend to make the game good, just delete the game, when every time you pull or play, you just keep picking it up, if you intend to make a game update, are there any bugs in the game, if it's correct, then give 5 stars	Negative	Anger
2	"kntl, masa ada iklan ngga bisa di skip. Padahal perjalanan kurang 1 kota lagi. Jadi males main online, udah gitu mobil yang dari lawan arah tiba"" menabrak bis saya..terus juga pas mau putar balik malah di tabrakin juga "	"kntl, when there are ads, you can't skip them. Even though the trip is less than 1 city again. So I'm too lazy to play online, that's when a car coming from the opposite direction arrives"" crashing into my bus...then just as I was about to turn around I was hit too"	Negative	Anger
3	makin lama, makin gak jelas dri sblum di update game ini tiba tiba keluar sndiri tapi setelah di update 3.7 suka keluar sndiri di saat mau main, mana bnyak Bug tlong di perbaiki lgi sperti sensitif stir sama hujan pas di setting udh off tpi pas main msih ttep hujan sma Traffik suka nabrak sendiri Tolong Di perbaiki, kasihan untuk pengemar bus mania 	The longer it takes, the more unclear than before the update, this game suddenly comes out on its own, but after the 3.7 update it likes to go out by itself when I want to play, where are there a lot of bugs, please fix it again, like it's sensitive to steering when it rains when it's in the settings, it's off but when I play, it's still it's still raining high school Traffic likes to crash alone Please fix it, sorry for bus mania fans	Negative	Anger
4	semenjak update sangat sangat buruk setiap main bareng sering disconeted padahal sinyal bagus cukup bintang satu aja untuk 	since the update is very, very bad, every time we play together, it often disconnects, even though the signal is good, just one star is enough	Negative	Anger
5	ᗷᑌᖇIᘜ 	ᗷᑌᖇIᘜ	Negative	Anger
6	5 turun ke 1 | narik padang - denpasar ! sudah mengikuti garis biru dan 5× hanya muter Wonogiri - Sukoharjo padahal sudah loading-unggah peta-iklan. hal serupa juga terjadi pas di Lampung tapi hanya 2×. kenapa min ? maintenan nya bagaimana ini ? jangan iklan dibanyakin maintenan kurang. kacau! 	5 down to 1 | Pull Padang - Denpasar ! already following the blue line and 5× only going around Wonogiri - Sukoharjo even though it has loaded-uploaded map-ads. the same thing also happened right in Lampung but only 2x. why min? how is this maintained? don't add more ads, less maintenance. chaotic!	Negative	Anger
7	bangkrut sodara.. Udah hapus aja aplikasinya di hp kmu percuma Dia udah bangkrut 	Bro, bro.. Just delete the application on your cellphone, it's useless. He's already broke	Negative	Anger
8	berita hoax kok di up..kenapa gak cek n ricek dl..gak kasihan apa dg keadaan indo sekarang..Shame on you 	Hoax news, how come it's up..why don't you check and double check...don't feel sorry for Indo's current situation...Shame on you	Negative	Anger
9	Beritanya bikin hancur dunia Crypto, Market tambah merah meron. Jadi nyangkut deh. Hareuugghhhh bikin bikin dimarahin istri . 	The news destroyed the Crypto world, the market blushed even more. So it's stuck. Hareuugghhhh makes my wife angry.	Negative	Anger
10	beritanya ngawur tidak berdasar seakan-akan berdasarkan pesanan, sangat mendiskreditkan kebijakan Jokowi, masak pelaku penusukan Wiranto itu dendam karena tanahnya kena gusur buat Tol, lah bukannya tanah yang kena gusur buat Tol itu gantinya jauh lebih mahal berlipat-lipat kok malah dendam, terus kenapa ke Wiranto bukanya ke Pekerjaan Umum, sungguh berita amat sangat mengecewakan dan menyesatkan, pertanyaannya apa dapat imbalan dengan nilai dolar yang fantastis dari Cen..na 	the news is baseless, as if based on an order, greatly discredits Jokowi's policies, how come the perpetrators of the stabbing of Wiranto are vengeful because their land was evicted for the toll road, instead of the land being evicted for the toll road, the replacement is much more expensive many times over, why are they even vengeful, so why to Wiranto not to Public Works, really, very, very disappointing and misleading news, the question is what can be rewarded with a fantastic dollar value from Cenna..na	Negative	Anger
11	Gak ada yang on Malhan gak di balas kesal Kecewa sekali HAPUS AJAH INI APLIKASI PENIPUAN I NI KARENA BISA BIKIN RUGI MASYARAKAT INDONESIA TERIMAKASIH 	No one is online, Malhan doesn't reply, annoyed, very disappointed.	Negative	Anger
12	Imdonesia mulai sering memberikan berita HOAX dan mulai tidak netral 	Indonesia began to frequently provide HOAX news and began to be not neutral	Negative	Anger
13	indonesia berita masalah papua selalu memojokan pemerintah,apa harapan dr ini.sudah ku deleted.ga seirama.dgn saya NKRI HARGA MATI. 	indonesia news on the problem of papua always pushing the government into a corner, what are the hopes from this.	Negative	Anger
14	Indonesia,berita online yg nggak netral,sering memberitakan HOAX 	Indonesia, online news that is not neutral, often reports HOAX	Negative	Anger
15	kumpulan berita FITNAH berbicara agama dan keyakinan bukan dg ilmiyah tapi BAHLULIYAH WAL JAHILIYA.asal nyeplos sok tau tapi MENYESATKAN 	a collection of defamatory news talking about religion and belief, not scientifically, but BAHLULIYAH WAL JAHILIYA.	Negative	Anger
16	makin gak jelas masa capek² chat poin gak masuk 	it's getting more and more unclear when you're tired, the chat points don't come in	Negative	Anger
17	malah ngurus game yg satunya lagi ..sementara kontrol setir tilt dibussid belum dibetulkan .. secepat nya dong tanggapi keluhan kami ..masa harus nunggu satu tahun 	even taking care of the other game..while the tilt steering wheel control on bussid hasn't been fixed..as soon as possible please respond to our complaints..you have to wait one year	Negative	Anger
18	media KADRUN dan SAMPAH..!! 	KADRUN and TRASH media..!!	Negative	Anger
19	media sekarang penuh dengan HOAX. PAYAH BENER!! 	the media is now full of HOAX. REALLY BAD!!	Negative	Anger
20	Msih kurang sempurna..sistem transfernya kurang cepat..stlh kita transfer ke harus nunggu beberapa mnit .lama 	It's still not perfect... the transfer system isn't quite right... after we transfer to it, we have to wait a few minutes	Negative	Anger
21	setiap jam 9:30 sampai 22:30 kalau kirim uang dari BCA ke bank lain sering nyangkut. Paling benci saat lagi butuh butuhnya tidak bisa di andalkan. 	every hour 9:30 to 22:30 when sending money from BCA to other banks it often gets stuck. I hate it the most when I need it I can't rely on it.	Negative	Anger
22	skrng jlek sma skli ga ada redem pulsa. kmi pra Android butuh pulsa buat di paketin. bukan butuh voucher belanja. ksian warga indonesia orngnya pada gndut smua!! redem pulsa lgi !! tolong di bles 	now it's bad there's no credit redemption at all. we pro Android need credit to be packaged. no need shopping vouchers. Too bad the Indonesian people are all fat!! Redeem pulse again !! please bles	Negative	Anger
23	sudah terkontaminasi dengan Kadrun. 	already contaminated with Kadrun.	Negative	Anger
24	tolong lah server jaringannya di perbaiki anjg 	please fix the network server dog	Negative	Anger
25	tolong trafiknya diedit supaya tidk menggangu kita pada saat membawa mod yg panjang 	please edit the traffic so it doesn't bother us when carrying long mods	Negative	Anger
26	yg dulu enak bgt di gandeng untuk bisnis.. skrg GK ada guna lagi . Krn Fitur VA nya udh GK ada. Byee OY ! 	what used to be really good to work with for business... now it's no use anymore. Because the VA feature doesn't exist anymore. Byee OY!	Negative	Anger
27	yg sekarang apaan gk mutu dari pada versi yang awal,chat'an biasa di kata spam 	the current one isn't of any quality compared to the earlier version, chat's are usually called spam	Negative	Anger
28	!!!! Kenapa pas saya beli bus arjuna xhd tapi tidak bisa di pake dan saya heran kenapa tidak bisa di pake dan bug bug lain nya seperti bug hujan tapi saya malah keluar sendiri parah !!!!!!!!!!!! 	!!!! Why when I bought the arjuna xhd bus but I can't use it and I wonder why it can't be used and other bugs like the rain bug but I just go out alone badly!!!!!!!!!!!!	Negative	Anger
29	%$>/:(&_*^%$%,*babi kau 	%$>/:(&_*^%$%,*your pig	Negative	Anger
30	, masa baru maen udah di suruh beli. Luh pikir duit boleh metik aplikasi yg laen juga ga beli batas chat juga bnayak ga kaya gini.kalo emang mau ngebatasin dari orang nya ajah jangan chat nya.!! 	, when I was just playing, I was told to buy it. You think money can use other applications, it doesn't buy chat limits, it's not like this. If you really want to limit people, don't chat.!!	Negative	Anger
31	1 bintangpun tdk pantas 	1 star is not worth it	Negative	Anger
32	"1 juta+ download? Dah 2 hari gw buka aplikasi ini. tiap gw search org lain, orgnya itu"" Aja. Wtf.. "	"1 million+ downloads? It's been 2 days since I opened this app. every time I search for other people, that person is ""just fine. Wtf.."	Negative	Anger
33	211BGKBYBPH bermasalah, status dana dikembalikan , tapi nyatanya gak masuk ke rekening saya. komplain CS sangat berbelit2. sudah dikasih bukti tambahan saldo tak kunjung refund kembali, parah OY parah 	211 GKI BPH has a problem, the status of the funds was returned, but in fact it didn't go to my account. CS complaints are very convoluted. I have been given additional proof that the balance has not been refunded, OY is bad	Negative	Anger
34	2204WKH01Z66 Saya sudah tranfer ke , tapi sampai sekarang dananya belum diteruskan juga, minta dibalikin dananya ribet, banyak alesan, tapi dana ga masuk2 di email suruh nunggu 8 hari, lah besok aja cuti bersama, pasti molor lagi, masa ga ada tim buat ngecek begini ya 	2204WKH01Z66 I have transferred to , but until now the funds have not been forwarded either, asking for the funds to be returned is complicated, there are many reasons, but the funds don't come in the email, I have to wait 8 days, let's go on leave together tomorrow, it will be delayed again, there is no team to check like this yes	Negative	Anger
35	"23/02/20 TOBAT, DAFTAR SULIT BUKAN MAIN. SETELAH BERHASIL MUNCUL ""GAGAL MENAMPILKAN BERITA"". "	"23/02/20 REPENT, HARD LIST NOT TO PLAY. AFTER SUCCESS APPEARING ""FAILED TO SHOW THE NEWS""."	Negative	Anger
36	"3 kali kasih verifikasi data yg sesuai, foto dll. Gak bs juga, verifikasi gagal.. ok delete. Aplikasi beginian, gak cuma 1 ya..kalau awalnya aja, udh bkn kecewa gimana belakangnya? Buang"" waktu aja!! "	3 times provide verification of appropriate data, photos etc. Can't either, verification failed.. ok delete. There's not just 1 application like this... if it's just at first, you're not disappointed, what's the end? Don't waste time!!	Negative	Anger
37	4x verifikasi gagal terus..ktp gak jelas..KTP udah sangat jelas sekali padahal..uninstal langsung.. 	4x verification keeps failing..KTP is not clear..KTP is very clear even though..uninstall directly..	Negative	Anger
38	Aaaaaasu 	Aaaaaasu	Negative	Anger
39	Aaahh, jelek banget sihh.. Baru diupdate malah ga bisa transfer.. Mending ga usah d update kalau kaya gini w! 	Ahhh, that's really bad.. It's just been updated and it can't even transfer.. It's better not to update if it's like this w!	Negative	Anger
40	aaplikasi gak guna bnyak iklanya auto uninstal 	the application doesn't use a lot of ads it auto installs	Negative	Anger
41	Abis update bukan makin responsif transfer2annya malah lama banget. Isi gopay aja gak masuk2.. klo udh di perbaikin gw tambah lg bintangnya. 	After the update, the transfers weren't even more responsive, it actually took a long time. The contents of gopay don't even go in... if it's been repaired, I'll add more stars.	Negative	Anger
42	Abis update keluar keluaran terus KECEWAA!!,harap develover perbaiki bug² yang ada di versi 3.7 ini kalo engga dampaknya nya orang orang yang bermain di android yang tidak terlalu mendukung seperti saya akan pensiun bermain Terimakasih,dan itu banyak jumlahnya! 	After the update, the output continues to be DISAPPOINTED!! Hope the developers will fix the bugs in version 3.7, if that doesn't have an impact, people who play on Android who aren't very supportive like me will retire from playing. Thank you, and that's a lot!	Negative	Anger
43	"Ada beberapa Bug mapping loading tidak sesuai/tidak teratur. Contoh : Dari Pekanbaru menuju kota jambi, tau"" Mapping menuju kota malang jadi tidak teratur, untuk mabar jadi sangat kacau setelah update ini "	"There are several bugs where the loading mapping is not appropriate/irregular. Example: From Pekanbaru to the city of Jambi, you know ""Mapping to the city of Malang has become irregular, for mabar it has become very chaotic after this update"	Negative	Anger
44	Ada beberapa hal yang bikin bosan main ni 1. Maps gtu² aja. Coba tambahin 2. Kendaraan Npc jangan gitu² aja ditambahin supaya bervariasi 3. Smart traffic nya tolong diperbaiki lagi..soalnya ga logis kalau truk kontainer kecepatannya 146 km/jam.. 	There are several things that make me bored playing this 1. Just maps. Try adding it 2. Don't add NPC vehicles just like that so that they are varied 3. Please fix the smart traffic again... the problem is that it doesn't make sense for a container truck to travel at 146 km/hour..	Negative	Anger
45	Ada biaya adminnya, pindah!! 	There is an admin fee, move!!	Negative	Anger
46	ada bug yang lumayan ngeselin.aku pas abis derek kendaraan kok tiba tiba kendaraan nya jalannya pelan banget bahkan gak bisa jalan dan satu lagi nih bug supir nya gak bisa jalan dan lompat dan loading masuk game lama banget terus nih bug mod jadi hilang terus nih bug tombol tombol gak bisa di pencet. Woy developer game bangke yang bodoh bgt.ini game jelek banget kayak sampah kebiasaan. game baru bug baru dasar game burik. .kalo gak diperbaiki bug nya akan ku uninstal ni game burik ini 	There is a bug that is quite annoying. I just finished towing the vehicle, how come the vehicle suddenly runs very slowly, it can't even run, and one more bug, the driver can't walk and jump and load into the game, it takes really long, this bug mod keeps disappearing, this bug buttons can not be pressed. Woy, this game developer is so stupid, this game is so bad, it's like a trash habit. new game new bugs dotted game base. If the bug is not fixed, I will uninstall this dotted game	Negative	Anger
47	Ada bug yang sangat menggangu yaitu bug loop travel dari Wonogiri ke solo. Ketika dari Wonogiri ke arah Sukoharjo itu akan balik lagi ke wonogiri dan seterusnya, jadinya tidak bisa sampai ke solo. Tolong untuk segera diperbaiki 	There is a very disturbing bug, namely the loop travel bug from Wonogiri to Solo. When you go from Wonogiri to Sukoharjo, you will return to Wonogiri and so on, so you can't get to Solo. Please fix it soon	Negative	Anger
48	Ada tulisan offline tapi bisanya cuma nglayap, ga dapet duit. Mode narik sama pariwisata pun harus ngehidupin data/WiFi. Iklannya banyak + lama² semua. NPCnya kaga jelas. Ada bekas tabrakan, terus mobilnya udah gua singkirin, mobil belakang kaga mau maju. Game 1GB serasa game 100mb an. Ampas lah pokoknya. 	There are offline posts but usually they just hover, don't get any money. The mode of interest and tourism must also turn on data/WiFi. There are a lot of ads + all of them are long. The NPC isn't clear. There was a trace of a collision, then I got rid of the car, the rear car wouldn't go forward. A 1GB game feels like a 100MB game. The dregs is the point.	Negative	Anger
49	Admin mahal, kalo 500 rupiah per transaksi mungkin masih wajar. Aplikasi sebelah masih nol Rupiah soalnya 	Admin is expensive, if it's 500 rupiah per transaction maybe it's still reasonable. The next application is still zero Rupiah, the problem is	Negative	Anger
50	Batas refund brp harii? udah di tunggu 24 jam refund gak msuk2.. Uang juga muter minn gmn.. Udah komplain ke cs cuma suruh nunggu2 aja. Gmn minn 	Refund limit how many days? I've been waiting for 24 hours for a refund and it doesn't work... How can the money also go around... I've complained to CS, I just told them to wait. How are you minn	Negative	Fear
51	Eh lu tau gua main mode pariwisata sinyal bagus tapi kenapa bayar pelabuhan malah di suruh ke menu utama, saya gak mau tau ini harus di perbaiki secepatnya atau saya uninstal bussid ini 	Uh, you know I play tourism mode, the signal is good, but why do I pay for the port, instead I'm told to go to the main menu, I don't want to know, this has to be fixed as soon as possible or I can uninstall this bussid	Negative	Fear
52	Game nya bagus grafik nya HD saya suka..tapi kenapa versi terbaru 3.7 sering terjadi bug seperti kamera menoleh ke kiri dengan sendiri dan kalo makai mode transmisi manual H kalo selesai loading map transmisi nya bug dengan sendiri??..pihak !! tolong perbaiki bug nya!!.. 	The game is good, the graphics are HD, I like it..but why does the latest version 3.7 often have bugs like the camera turns to the left by itself and if I use manual transmission mode H when it finishes loading the transmission map it bugs itself??..parties !! please fix the bugs!!..	Negative	Fear
53	TOLONG diperbaiki, kontrol tilt sangat tidak enak dan aneh, terasa berat dan delay, mengunci diposisi tengah stir, kembalikan tilt seperti versi 3.6 	PLEASE fix it, tilt control is very bad and strange, feels heavy and delays, locks in the middle position of the steering wheel, returns tilt like version 3.6	Negative	Fear
54	Tolong lah Min Adain Redeem Pulsa lagi. Gpp Mahal Asalkan Ada. Biarkan kami menikmati hasil nya bukan dikecewakan! 	Please Min Adain Redeem Credit again. Gpp is expensive as long as there is. Let us enjoy the results, not be disappointed!	Negative	Fear
55	tolong mod nya gak usah pakek link/kode name itu bikin ribet 	Please, the mood doesn't need to use the link/codename, it makes it complicated	Negative	Fear
56	tolong ya perbaiki semua bug yang ada di dalam permainan ini!,gamenya sudah cukup baik hanya saja masih ada beberapa bug lagi yang harus di perbaiki,mohon bantuannya!! 	please fix all the bugs in this game!, the game is good enough, it's just that there are still a few more bugs that need to be fixed, please help!!	Negative	Fear
57	Transaksi transfer ke BRI dari virtual account BCA kok lama statusnya masih menunggu pembayaran padahl saya sudah bayar. Di chat dan di email juga lama balasannya. Gimana ini ? Apa ada nomer telpon yg bisa dihubungi ? 	How come the transfer transaction to BRI from the BCA virtual account takes a long time, the status is still waiting for payment, even though I have already paid. In chat and in email also take a long time to reply. What to do ? Is there a telephone number to call?	Negative	Fear
58	Turun bintangnya ah..aku minta kirim via bni syariah kok pending melulu katanya dalam peningkatan pelayanan 	The stars went down... I asked to send it via BNI Syariah, how come it's only pending, he said, in improving service	Negative	Fear
59	Yang paling parah saya tidak bisa menghubungkan bang karena beda nama katanya udah jelas jelas di apk dan bang saya itu sama nmanya pake ktp ktp itu juga verifnya gajelas 	The worst thing is I can't connect, bro, because the name is different, the words are clear on the apk, and mine is the same name as the ID card, the verification is not clear	Negative	Fear
60	kenapa ya aku sering keluar dari game, saat loading map. Semoga diperbaiki aku pengen main. 	why do I often exit the game, when loading the map. Hopefully fixed I want to play.	Negative	Fear
61	adalah buatan amerika Selalu nenyudutkan pemerintahan Yang sah. tidak lebih alat untuk propaganda bangsa indonesia Ingat nasionalsime kawan! 	is made in America. Always puts the legitimate government in a corner. nothing more than a tool for the propaganda of the Indonesian nation. Remember nationalism, friends!	Negative	Fear
62	adalah media bentukan Amerika,sebagai alat propaganda,kalau kita lihat menyajikan beberapa berita yg akurat dan terdepan,tetapi juga menyajikan berita yg tidak sesuai fakta,demi kepentingan Amerika dan sekutunya,kalau tidak percaya silahkan install dan baca,ada beberapa topik yg menyudutkan banyak pihak dan tak ada satupun topik tentang Amerika yg disudutkan,sekian terima kasih.. 	is a media formed by America, as a propaganda tool, if we look at it, it presents some accurate and up-to-date news, but also presents news that does not match the facts, for the interests of America and its allies, if you don't believe, please install and read, there are several topics that corner many parties and none of the topics about America are cornered, thank you very much..	Negative	Fear
63	beritanya gk akurat, sekarang beralih seperti gosip 	The news isn't accurate, now it's turning like gossip	Negative	Fear
64	bukan portal berita netral.. Hanya alatnya pihak amerika, beritanya selalu menyudutkn dan menggiring opini seolah2 ukrania korban..auto uninstall 	not a neutral news portal.. It's just a tool for the Americans, the news always discredits and drives opinions as if Ukraine were the victim..auto uninstall	Negative	Fear
65	dulu beritanya proporsional ,kritis dan berimbang..sekarang koq berbau kadrun 	Previously, the news was proportional, critical and balanced... now it smells like kadrun	Negative	Fear
66	Indonesia tidak berani memberikan bukti transfer dana refund yang salah transfer. Jangan pakai aplikasi ini, udah email ke cs tapi responnya sangat tdk friendly. Hanya suruh cek mutasi trs padahal tdk ada uang yg masuk & sdh menunggu 1x24 jam. Ini aplikasi penipuan, jgn pakai lg!! 	Indonesia does not dare to provide proof of the wrong transfer of refund funds. Don't use this application, I've emailed CS but the response was very unfriendly. Just told to check the transfer, even though no money has come in & I've been waiting 1x24 hours. This is a fraud app, don't use it anymore!!	Negative	Fear
67	jangan jadi mata2 Jurnalis, iyah..jadilah jurnalis yg benar.. 	don't be a journalist's spy, yeah..be a true journalist..	Negative	Fear
68	kayaknya tdk netral, tdk independen, kadang2 tdk bisa dipercaya, harus saya cross cek lagi dgn Kompas com. 	I don't think it's neutral, it's not independent, sometimes it can't be trusted, I have to cross-check again with Kompas.com.	Negative	Fear
69	makin aneh dengan berita beritanya.. tidak berimbang. 	more and more strange with the news ... unbalanced.	Negative	Fear
70	sekarang kebanyakan framing.. padahal kaum sumbu pendek cuma demen baca judul doang 	now it's mostly framing.. even though the short axes just love to read the title	Negative	Fear
71	tolong benerin bug obb kalo ga dibenerin harus download ulang 	please fix the obb bug, if it's not fixed, you have to download it again	Negative	Fear
72	.. Berita pro pemerintah.. Gk netral 	.. Pro-government news.. Not neutral	Negative	Fear
73	2 dulu nanti kalau berhasil aku kasih 5 deh 	2 first, if it works, I'll give it 5	Negative	Fear
74	Ada beberapa ejaan yang tidak sesuai dengan masyarakat. Ingat KBBI itu merangkum bahasa yang ada di rakyat. Seperti assalamualaikum, kok huruf S nya satu? Terus juga Bis, orang-orang biasa nyebut bis, orang terkemuka seperti Jokowi pun ngomongnya bis, bukan malah bus. Di KBBI kok bus? 	There are some spellings that are not in accordance with society. Remember that KBBI summarizes the language in the people. Like assalamualaikum, how come the letter S is one? Then also Bus, people used to say bus, prominent people like Jokowi even said bus, not even bus. How come the bus is at KBBI?	Negative	Fear
75	"Ada kata bahasa yang gk ada nih.. Dlm app ini yakni kata ""KAMBOJA"" kok kamboja gk msk bhs indo sih nih.. Klo ku ketik melati ada, la kok ini nggk "	There's a language word that isn't there.	Negative	Fear
76	Ada malware jangan download. Semua akun ke ambil 	There is malware, don't download it. All accounts are taken	Negative	Fear
77	Ada notifikasi pesan, tapi pas dibuka gaada pesan nya.. ini kenapa? 	There's a message notification, but when I open it there's no message... what's wrong with this?	Negative	Fear
78	ada notifikasi,dapat pesan tp tidak ada pesan maduk di obrolan,kenapa ya min 	there is a notification, got a message but there is no incoming message in the chat, why is that, admin	Negative	Fear
79	"Ada penipuan pake aplikasi untuk menampung dana aja aja ga ada respon lebih lanjut hati"" saja ! "	There is fraud using an application to collect funds, just no further response, just be careful!	Negative	Fear
80	Ada seseorang memberitahu saya bahwa dia menemukan profil saya di aplikasi ini, saya kaget donk ya, saya merasa tidak pernah mendownload apalagi menggunakan aplikasi ini.. Ternyata oh ternyata, profil saya di aplikasi lain di copy ke aplikasi ini, OMG, foto, username, bahkan video sama persis seperti yang saya gunakan di aplikasi europe mingle.. 	Someone told me that he found my profile in this application, I was shocked, I felt like I had never downloaded or even used this application.. It turned out that my profile in another application was copied to this application, OMG, photo, username, even the video is exactly the same as what I use in the europe mingle application..	Negative	Fear
81	Ah, perbendaharaan katanya terlalu banyak, hingga membuat orang bingung menentukan mana yg benar 	Ah, the vocabulary is too much, to make people confused about which one is right	Negative	Fear
82	Ahkir² ini banyak kendala min , no.VA BNI EROR lalu setiap transaksi ke BRI sering gagal dan dana di refund oleh pihak 	Ah, there are a lot of problems admin, VA BNI EROR number, then every transaction with BRI often fails and the funds are refunded by the party	Negative	Fear
83	Akhir akhir ini sering nutup sendiri ketika sedang dibuka 	Lately it often closes itself when it's being opened	Negative	Fear
84	Akhirnya uang saja kembali jg hari ini. Alhamdulillah. Semoga kedepan lebih berhati hati 	Finally got my money back today. Alhamdulillah. Hopefully in the future be more careful	Negative	Fear
85	Aku beri dlu 2 klau bgus nnti aku tambahin 	I'll give it 2 first, if it's good, I'll add it later	Negative	Fear
86	Aku kasi 2 dulu,klw dapat jodoh,aku kasi semua 	I love 2 first, if I get a mate, I love everything	Negative	Fear
87	Aku kasih bintang sati dulu yh kalow bagus aku kasih bintang 5 	I'll give it a sati star first, if it's good, I'll give it 5 stars	Negative	Fear
88	Aku ko gabisa login kenapa ya 	Why can't I login?	Negative	Fear
89	Aku kok gak bisa ganti bus nya ya?? Tolong diperbaiki dong.. 	How come I can't change the bus? Please fix it please..	Negative	Fear
90	Aku yakin yg bikin game juga gak bakalan bisa selesaikan level 17 	I'm sure the person who made the game won't be able to finish level 17 either	Negative	Fear
91	Akun aku di ripper mass sama orng takutnya di salah gunakan:) 	My account is in Reaper Mass with people who are afraid it will be abused :)	Negative	Fear
92	Akun tiba2 ko diblokir. 	My account is suddenly blocked.	Negative	Fear
93	"Allah Subhanahu Wa Ta'ala berfirman: لِيُحِقَّ الْحَـقَّ وَيُبْطِلَ الْبَا طِلَ وَلَوْ كَرِهَ الْمُجْرِمُوْنَ  ""agar Allah memperkuat yang hak (Islam) dan menghilangkan yang batil (syirik) walaupun orang-orang yang berdosa (musyrik) itu tidak menyukainya."" (QS. Al-Anfal 8: Ayat 8) Apapun upaya yang kau lancarkan gak akan pernah berguna ,, visi misi hina yang kalian punya hanyalah visi misi yang rapuh lagi bobrok , sejatinya kelemahan adalah upaya yang kalian lakukan saat ini .. Kau ingat itu! "	"Allah Subhanahu Wa Ta'ala says: لِيُحِقَّ الْحَـقَّ وَيُبْطِلَ الْبَا طِلَ وَلَوْ كَرِهَ الْمُجْرِمُوْنَ  ""so that Allah strengthens the right (Islam) and eliminates the wrong (s yirik) even though the sinners (musyrik) do not like it."" (QS. Al-Anfal 8: Verse 8) Whatever efforts you make will never be useful,, the despicable vision and mission that you have is only a fragile, dilapidated vision and mission, true weakness is the effort you are currently making.. You remember that !"	Negative	Fear
94	Aneh bgt, aplikasi pake nama indo tp isinya dikit bgt orang indonya. Karena jarang yang pakai kali ya.. 	It's really strange, the application uses an Indo name but the contents are very little Indonesian. Because I rarely use it...	Negative	Fear
95	Aneh Bukan bus yang oleng tapi aspal yang oleng saat banding setir dalam keadaan kecepatan tinggi Pertanyaannya yang jalan aspal atau bus simulatornya? 	It's weird. It's not the bus that wobbles, but the asphalt that wobbles when you move the steering wheel at high speed. The question is, is the asphalt road or the bus simulator?	Negative	Fear
96	Aneh ya,setelah perbaharui gamenya masa iya dari padang ke bukit tinggi menurun disitinjau laut,dan sebaliknya dari bukit tinggi tiba di sitinjau laut mendaki ke sitinjau laut,mohon perbaikan admin.admin kalau mod banyak digarace kok ngk bisa dibuka ya, 	It's strange, after updating the game, from the plains to the high hills, it drops to the sea view, and vice versa, from the high hills it arrives at the sea view, climbing to the sea view, please fix admin.	Negative	Fear
97	Aneh..hanya tampil headline nya ,g bisa dibuka beritanya 	It's strange..it only shows the headline, can't open the news	Negative	Fear
98	Auto hapus, karna tidak lagi gratis transfer. terimakasih atas jasanya selama ini 	Auto delete, because it's no longer free transfer. thank you for your service so far	Negative	Sad
99	Banyak iklan ,auto uninstal 	Lots of ads, auto uninstall	Negative	Sad
100	Apresisi buat udh bikin game sekeren gini. Tapi, sensitive setir nya waduuh.. Parah banget. HP gang sedikit aja setirnya udah mental kemana-mana. Gak nyaman sekali.. Tolong di perbaiki ya 	Appreciation for making such a cool game. But, the steering wheel is sensitive wow... It's really bad. Just a little bit of HP, the steering wheel is already going everywhere. It's not very comfortable... Please fix it	Negative	Sad
101	Aslinya game nya bagus tapi mau sampai level nya gunung api sulit sekali tolong diperbaiki lagi. diulang berkali-kali kalah terus 	Originally the game was good, but if you want to reach the volcano level, it's very difficult, please fix it again. repeated many times to keep losing	Negative	Sad
102	Awal download bagus, cepet, udh 2 hari make server ilang semua, mau yg free atau premium gaada servernya.. 	The initial download was good, fast, after 2 days all the servers were gone, whether the free or premium one doesn't have a server..	Negative	Sad
103	Bagus tapi perlu diperbaiki soal setirnya agak diperbesar dikit dan setir mutarnya telat gak responsif dgn gerak sentuh jari saat putaran belok kanan kiri seperti ada ngelag,udah di putar tapi suka telat gak muter setirnya,jari jempol hrs agak di tekan ke layar,kadang malah jadi sering kelebihan atau telat gak mutar ngikutin arah gerakan jari,jadi suka nabrak sana sini..perbaiki kontrol handling setirnya krn utk game simulator kontrol itu nomor 1,terpaksa uninstal dulu cari yg nyaman kontrolnya 	It's good, but it needs to be fixed, the problem is that the steering wheel is a little enlarged and the steering wheel is late, it's not responsive with the touch of the finger when turning right and left, it looks like there's a lag, it's been turned, but it tends to be late, it doesn't turn the steering wheel, the thumb has to be pressed a bit to the screen, sometimes it actually becomes often too late or too late to not follow the direction of finger movement, so it likes to crash here and there ... improve the handling control of the steering wheel because for the control simulator game it is number 1, you have to uninstall it first, look for a comfortable control	Negative	Sad
104	Bagusan sebelum di update.. Jalannya jadi kecil aspal hitam ilang Setir susah di kontrol Narik penumpang cuma di terminal doang..di jalan jadi ga ada. Terus pungsi pintunya buat apa.. dah gitu aja.. 	It was good before the update... The road is so small that the black asphalt is gone. What do you do with the door... just like that...	Negative	Sad
105	Banyak Bojongnya.simpan no hp begitu di chat ga pernah balas 	There are lots of Bojongnya. Save cellphone numbers once in chat, never reply	Negative	Sad
106	berkali kali unggah foto maunya foto yg gimnaa 	how many times have you uploaded photos?	Negative	Sad
107	Bgmna mau knln chatnya aj sngt terbatas.. 	How can I get to know the chat, it's really limited..	Negative	Sad
108	Bug nya benarkan lagi sulit kalo uda ngelek 	The bug justifies that it's even more difficult if you're tired	Negative	Sad
109	Bus orinya nya itu itu aja bosan, kalo di bawa ngebut terus di belokin suka nge drift, pengen yang jb3 terus ada smoking areanya dan mode pariwisatanya pada deket. 	The original bus just got boring, if you drive it at speed it keeps turning around like to drift, I want the JB3 to have a smoking area and a tourism mode close by.	Negative	Sad
110	Bussid sebenarnya game bua simulator terbaik .. Tapi knp yah sekarang sering Loding dan ngelag parah.. sudah kayak gitu banyak pemain game bussid yg cepat keluar room .. Loding dan ngelagnya yang lama2 bikin stres 	Bussid is actually the best simulator game.. But why now is it often loading and lagging badly.. it's like that, many bussid game players quickly leave the room..Loding and lagging for a long time make it stressful	Negative	Sad
111	Bussid sekarang dh bagus cuman banyak bgt bugnya..dlu nglayap masih bisa dri jakarta ke pel bakau tnpa mampir trminal tpi sekarang harus mmpir dlu ke terminal baru bisa loading map trs dri arah sebaliknya jga bsa dri pel bakau ke jakarta pas dimerak malah nabrak tembok gaib gk bisa loading map..mohon di fix soalnya menggangu bgt 	Bussid is now good, but there are lots of bugs.. before you could fly from Jakarta to the mangrove mop without stopping by the terminal, but now you have to stop by the terminal and then you can load the map from the opposite direction, you can also go from the mangrove mop to Jakarta, when it is broken, it crashes into a magical wall I can't load the map... please fix it, it's really annoying	Negative	Sad
112	Control tilt nya nggak responsif saat ingin berbelok, suka nge delay dulu saat akan berbelok,hal ini membuat saya tidak nyaman untuk memainkan game bussid dengan control tilt 	The tilt control is unresponsive when I want to turn, it tends to delay first when I'm about to turn, this makes me uncomfortable playing bussid games with tilt control	Negative	Sad
113	dari tahun 2019 sampan da masuk tahun 2023 map nya itu itu aja,membosan kan bus simulator Indonesian ini g ada pembaruan nya. 	from 2019 to and into 2023 the map is just that, it's boring, isn't there an update for this Indonesian simulator bus.	Negative	Sad
114	Dear . Sebenernya update bussid ini niat gak ? Pertama update 3.7 tilt nya over. Sekarang 3.7.1 malah kurang sensitif. Yakinlah, faktor penting dari sebuah game itu kita harus nyaman dulu. Percuma dongg maps di banyakin kalo gitu 	dear . Do you actually intend to update this bussid? First, update 3.7, the tilt is over. Now 3.7.1 is even less sensitive. Rest assured, the important factor of a game is that we must be comfortable first. It's useless, please add more maps if that's the case	Negative	Sad
115	Developer nya kaya gak serius benahin bug di update sebelumnya. Kemaren tilt nya sensitif, ini malah kaku bgt. Jadi update ratusan mb itu progress lain selain mode parawisata apa ? Banyakin maps gak akan guna selama gammer gak nyaman, terlebih perkara nyetir. Dibandingin game sebelah juga lebih mateng sebelah. Download juga hanya karena cinta produk lokal, bukan karena emang lebih bagus. 	It's like the developer wasn't serious about fixing bugs in the previous update. Yesterday the tilt was sensitive, this one is really stiff. So, updating hundreds of mb is another progress besides the tourism mode, what is it? Lots of maps won't work as long as the gamer isn't comfortable, especially when it comes to driving. Compared to the next game, it's also more mature next door. Download it just because you love local products, not because it's any better.	Negative	Sad
116	Download 6 mb aja lama,,kenapa sih? Apa sinyal nya nih 	Downloading 6MB just takes a long time, why is that? What's the signal?	Negative	Sad
117	Gak lengkap. Transfer internasionalnya gak tersedia USD, padahal USD paling banyak digunakan. Selain itu, tidak bisa simpan rekening Bank Artoz/Jago dan E-wallet (GoPay). 	Not complete. USD is not available for international transfers, even though USD is the most widely used. In addition, you cannot save Artoz/Jago and E-wallet (GoPay) accounts.	Negative	Sad
118	Game lumayan bagus tpi 1 yg sangat mengecewakan ada iklan yg gak bisa di silang mohon lah pada devoler Bussid untuk memberikan iklan jangan seperti itu sangat menyusahkan 	The game is pretty good but 1 thing that is very disappointing is that there are ads that can't be crossed, please the Bussid devoler to provide ads, don't be like that, it's very troublesome	Negative	Sad
119	Game ny sudah bagus cuma ya tolong iklan domino nya hilang kan itu sangat mengganggu karena tidak bisa di skipp 	The game is good, but please help the domino ad disappear, it's very annoying because it can't be skipped	Negative	Sad
120	game nya bagus gerafik nya juga bagus dibandingkan game yang lain tapi iklannya sangat mengganggu tolong di kurangi iklannya 	the game is good the graphics are also good compared to other games but the ads are very annoying please reduce the ads	Negative	Sad
121	Game nya patah patah. Nggak enak di mainkan. Tolong perbaiki, permainan sudah bagus. Cuma patah patah nya sangat mengganggu 	The game is broken. Not good to play. Please fix, the game is already good. It's just that the fracture is very annoying	Negative	Sad
122	Game nya selalu keluar setiap loading map tarus patah -patah game nya harus di update lagi grafik nya udh bagus yg harus di update kalo loading map pasti keluar ga jelas 	The game always comes out every time the map is loaded, then the game is broken, it has to be updated again, the graphics are good, which must be updated, if loading the map, it will definitely come out unclear	Negative	Sad
123	Game nya udah bagus bagus baget malahan. Tapi iklan nya aja agak masalah sebagian ada iklan yang loading doang jadi aku itu harus relog atau keluar dulu dan masuk lagi ke dalam in game nya. Saya tergaggu dengan iklan seperti itu. Kalo bisa di ganti ya dev 	The game is already good, really good. But the ads are a bit of a problem, some of the ads are just loading, so I have to relog or exit first and enter the game again. I am disturbed by such advertisements. If you can replace it, dev	Negative	Sad
124	Gamenya gk kaya dulu lagi,dulu kalo main lngsng main, skrng nunggu loading malah keluar sendiri ,sama jalur dari Bandung dan arah Gilimanuk sama Denpasar gk bisa ditempuh,malah keluar sendiri kalo loading,maaf developer kalo game ini gk bisa dimainkan lgi terpaksa saya uninstal,pdhl dari dulu saya mainin ini game terus, dari HP saya yang dulu rusak sampek punya HP baru lagi, download lgi + diupdate, eh malah gk bisa dimainin, kalo dah diperbaiki saya pasti akan download lg nih game,makasih 	The game isn't as good as it used to be, before when I played it, I played it right away, now I'm waiting for it to load, but it comes out on its own, the same route from Bandung and the direction to Gilimanuk and Denpasar can't be reached, it even comes out on its own when loading, sorry the developer, if this game can't be played again, I have to uninstall it , even though I've always played this game, from my cellphone that used to be broken until I have a new cellphone again, download it again + update, uh I can't even play it, if it's been repaired I will definitely download this game again, thanks	Negative	Sad
125	gangguang mulu 	mouth disturbance	Negative	Sad
126	gemblong,di kira gratis,ee widhraw malah kena admin 	gemblong, thought it was free, ee widhraw even got hit by admin	Negative	Sad
127	super lemot aplikasinya, balas text susah,ga nyaman, ga selancar twiter,facebook,instagram dll. silahkan lihat di log aktivitas. masih banyak alternatif medsos lain yg menawarkan kemudahan,akseleratif n dinamis. per 5jul 2019,, jadi bagus aplikasinya,,responsive berarti adminya,,terbuka menerima saran n kritik. kasih bintang lima kalo bgitu 	the application is super slow, replying to text is difficult, uncomfortable, not as smooth as Twitter, Facebook, Instagram etc. please look at the activity log. there are still many other social media alternatives that offer convenience, accelerative and dynamic. as of July 5 2019,, the application is good,, responsive means the admin,, is open to receiving suggestions and criticism. give five stars then	Negative	Sad
128	Tampilan bus ori bussid membosankan, kalau bisa di upgrade dong interior dan eksteriornya. Mode malam agar di buat lebih gelap lagi supaya lebih seru. Dan diberikan mode orang orang nyeberang jalan, mode kemacetan di pasar, mode bus rusak, kaca pecah dll kalau tertabrak gitu. Tombol sein jangan di atas setir kalau bisa diletakan di sekitar rem atau pedal gas soalnya rada ribet kalau mau sein sambil berbelok. Thx 	The appearance of the original bussid bus is boring, if you can upgrade the interior and exterior please. Night mode to make it even darker to make it more exciting. And given the mode of people crossing the road, traffic jam mode in the market, broken bus mode, broken glass etc. if you get hit like that. Don't put the turn signal button on the steering wheel, if you can place it near the brake or gas pedal, it's a bit tricky to turn while turning. thx	Negative	Sad
129	Tdak ada pungsi nya 	There's no function	Negative	Sad
130	TOLONG DIPERBAIKI DONG: setiap kali mau mabar saat sdh mau start, saya selalu keluar sendiri dari game, itu knp ya 	PLEASE FIX IT PLEASE: every time I want to play when I'm about to start, I always exit the game myself, that's why	Negative	Sad
131	TOLONG dong kok pas hp ram 2 gk bisa di mainin ya tolong perbaiki karna saya dari dulu ingin sekali memainkan game busid ini pliss tolong perbaiki. 	PLEASE how come when the HP RAM 2 can't be played, please fix it because I've always wanted to play this busid game, pls help fix it.	Negative	Sad
132	Tolong perbaiki bug jika loading map selalu keluar sendiri.ini sangat mengganggu..tolong diperbaiki bug yang kaya gitu.itu sangat mengganggu saat bermain 	Please fix the bug if the loading map always comes out on its own. this is very annoying.. please fix bugs like that. it's very annoying when playing	Negative	Sad
133	Untuk map udah bagus.. tapi ketika main mode pariwisata masih ada bug di bagian pelabuhan lebih tepatnya di bagian kapal.. Sudah 5X lebih saya kena bug di pelabuan.. Mohon untuk segera di perbaiki 	The map is good... but when playing tourism mode there is still a bug in the harbor section to be more precise in the ship section... I have had bugs at the port more than 5 times... Please fix it as soon as possible	Negative	Sad
134	Update buat apa bug masih ada.malah tuh gua modif pas besok nya malah ngebug ilang sampai sekarang belum di balikin 	Update for what the bug is still there. In fact, I modified it right the next day, the bug disappeared, until now it hasn't been returned	Negative	Sad
135	"Wktu mau pindah peta, kn ada iklan, sesudah iklan, tiba"" bus nya berubah hitam sama jalan nya g jelas, agak eror, dn sya hrs bolak balik ngeraply game. Udh gt kl mau lanjut loading + ada iklan nya lagi, nambah lama, blm lagi eror yg kyk sya sebutin tdi. Mohon di perbaiki. "	"When I want to move the map, there are advertisements, after the advertisements, it arrives ""the bus turns black and the road is not clear, it's a bit erroneous, and I have to go back and forth to rapping the game. It's okay when I want to continue loading + there are ads again, it takes longer, I haven't got the error I mentioned earlier. Please fix it."	Negative	Sad
136	Ya bagus, cuma blum apa² sudah minta bayaran.. 	Yes, it's good, it's just that you haven't asked for payment yet..	Negative	Sad
137	Aku terkena tipu melalui app ini, tapi untung Tuhanku dengan Aplikasi ini membantuku sampe akhirnya milikku menjadi milikku lagi, jangan berhenti untuk selalu meminta pertolongan. Tak ada yang tau apa terjadi esok. Terima kasih untuk yang membantu saya sampe saat ini. Sukses Selalu 	I was tricked through this app, but luckily my God with this application helped me until finally what was mine was mine again, don't stop always asking for help. Nobody knows what will happen tomorrow. Thanks for helping me until now. Good luck for the future	Negative	Sad
138	Akun saya kok tidak bisa bwt login kenapa ya? 	Why can't my account be logged in, why?	Negative	Sad
139	Aneh ko jd gak bisa di buka ni vpn Aq unistal deh 	It's strange, how come I can't open this VPN, I installed it	Negative	Sad
140	Aplcs nya hy modus doang apa bnr2 asli ni org2nya utk bnr2 diajk tmn/jodoh??kl seandai bnr2 asli ni aplcs utk cari jodoh,pasti ane langs ks bintg 5 	The app is just a mod, are these really genuine people for real friends/matchmaking??	Negative	Sad
141	"Aplikasi apaan nih ? . Padahal kamera saya normal normal aja . Tapi kok pas mau verifikasi ada pemberitahuan "" kegagalan teknis kamera "" mohon diperbaiki ini aplikasi jangan PHP . "	"What's this application? . Even though my camera is normal. But how come when I want to verify, there is a notification ""technical camera failure"", please fix this application, don't use PHP."	Negative	Sad
142	Bagi yang ingin transaksi cepat. Sangat tidak disarankan untuk menggunakan aplikasi ini. 1 jam setelah transfer & konfirmasi top up shopeepay & gopay tapi saldonya belum masuk juga. 	For those who want fast transactions. It is highly not recommended to use this application. 1 hour after the transfer & top up confirmation of shopeepay & gopay but the balance hasn't come in either.	Negative	Sad
143	Maaf ya sebelum nya saya mau nanya saya beberapa kali tranfer uang ke rekening atas nama oy Indonesia tpi saya malah di suruh like beberapa produk olshop dan sampe sekarang uang saya tidk kembali kata orang hars isi lgi agar dana bisa di cairkan.. Apa kah saya tertipu dan orng tersebut tidak ada bekerja sama dengan oy Indonesia trimakasih 	Sorry, before I wanted to ask, I transferred money several times to an account in the name of Oy Indonesia, but instead I was told to like some olshop products and until now my money hasn't come back, people say I have to fill it in again so the funds can be disbursed. Am I being deceived? and that person doesn't work with oy Indonesia thank you	Negative	Sad
144	Makin kemari sy sadar dan perhatikan bahwa media dan barat umumnya sudah double standard dan tidak fair cenderung tendensius, JD sy uninstall.. 	The more I came here, I realized and noticed that the media and the West generally have double standards and are not fair, tend to be tendentious, so I uninstalled it..	Negative	Sad
145	Tambahin riwayat pencarian dongg! 	Add search history please!	Negative 	Fear
146	"Udah bagus tapi coba bus yg di garasi di tambah lagi pake sinar jaya budiman apa op haryanto sama truck"" nya masa cuman itu"" aja coba kasih trcuk cabe apa trcuk krodong biar makin seru waktumain online banyak pelari cepat di jalan "	"It's good, but try the bus that's in the garage, add more rays using Jaya Budiman, what's the op Haryanto and the truck, ""just that"" just try giving chili peppers or krodong trucks so that it's even more exciting when playing online, there are lots of fast runners on the road"	Negative 	Fear
147	terlalu ribet cuma untuk main naik ke level selanjutnya.. sekalian aja ini game jadi berbayar.. karena gameny kelewat susah.. 	it's too complicated just to play to the next level.. at the same time, this game is a paid game.. because the game is too difficult..	Negative 	Sad
148	Terlalu sering muncul iklan, bahkan ada yang tidak bisa di skip hingga harus log out game. Terus steering nya kurang smooth, masih ada jeda sepersekian detik saat kita memiringkan hp. Kecil tapi meresahkan, harap segera diperbaiki 	Ads appear too often, some can't even be skipped so you have to log out of the game. Then the steering is not smooth, there is still a split second delay when we tilt the cellphone. Small but troubling, please fix it soon	Negative 	Sad
149	Berita nya terlalu berat sebelah.kurang netral. 	The news is too one-sided. Not neutral.	Negative 	Sad
150	Bang gip alok bang Bang gip alok bang Anjay alok wahahahahabjsnsiajsn.. 	Bang gip alok bang Bang gip alok bang Anjay alok wahahahahabjsnsiajsn..	Neutral	Neutral
151	Banyak iklan nya 	Lots of ads	Neutral	Neutral
152	Buat orang yg sering bilang lagi proses download game nya offline atau online udh jelas offline baca tulisan nya huu 	For people who often say that the game download process is offline or online, it's clear that it's offline, read the writing, huu	Neutral	Neutral
153	Buat update 3.7 ini sudah sangat bagus Map nya grafik nya tapi saya kalo main pas sedang menunggu loding map atau pas mau mulai pasti ada iklan yang gambar nya hitam dan tidak ada tanda silang (×) untuk men selikip iklan dan saya sangat terganggu dengan iklan itu terimakasih 	For update 3.7, the map is very good, the graphics are good, but if I play while I'm waiting for the map to load or when I want to start, there must be an ad with a black image and no cross (×) to insert an ad and I'm very disturbed by that ad Thank You	Neutral	Neutral
154	Butut Prank bagus bgt 	Butt Prank is really good	Neutral	Neutral
155	Cok 	Choke	Neutral	Neutral
156	Cukup Karen Babi 	Enough Karen Pig	Neutral	Neutral
157	Fucek 	Fuck	Neutral	Neutral
158	Gabisa di buka 	Cannot be opened	Neutral	Neutral
159	game nya banyak iklan tolong dikurangi atau dihilangkan iklannya 	the game has a lot of ads, please reduce or remove the ads	Neutral	Neutral
160	Game sangat penting untuk dilakukan pemeriksaan terhadap tersangka yang aku lakukan ini w ada yang rawat jalan dan jembatan gantung termegah di Indonesia dan Malaysia yang rawat intensif dengan cara ini buk buk ini w yang aku rasakan sensasi naik aja ko bisa aku aku ini aku mau aku tidak tahu harus berkata aku mendengar suara itu indah ustadz dan jembatan yang aku rasakan sensasi aja gan ya e dan jembatan ini min young dan jembatan yang menghubungkan komputer yang o yang rawat INAPA yang 	Games are very important to examine suspects, what I'm doing is that there are outpatients and the grandest suspension bridges in Indonesia and Malaysia that are in intensive care in this way, thump thunk, what I feel is the sensation of going up, how come I can do this, I want I don't know what to say i heard that voice it's beautiful ustadz and the bridge that i feel is just a sensation bro e and this bridge min young and the bridge that connects the computer o who is treating INAPA who	Neutral	Neutral
161	Game yang sangat nanggung buat saya.. Khusus nya di fitur Narik yang harus menggunakan Kuota Internet. Lalu fitur lainnya.. Dan saya yakin rata rata User yang mendownload ini karena untuk menghilangkan rasa penasarannya dengan Mod yang ia lihat.. Contohnya : Modifikasi. Mulai dari menggunakan Strobo, Klakson, livery dll dsb.. Bukan karena gamenya itu seru yang bisa membuat User itu betah setidaknya bermain hingga 1 jam lamanya. 	The game is very bearable for me.. Especially in the Interesting feature, which must use Internet Quota. Then other features.. And I'm sure the average user who downloads this is to get rid of his curiosity about the Mod he sees.. For example: Modification. Starting from using Strobes, horns, livery etc. etc... Not because the game is fun that can make the user feel at least playing for up to 1 hour.	Neutral	Neutral
162	gamenya bagus cuma banyak iklan dan banyak macet digame busit ini 	the game is good, but there are lots of ads and lots of traffic jams in this bussid game	Neutral	Neutral
163	Gameplay nya saya suka sekali, apalagi ada jalan tersembunyi jadi mendekati game open world, kalau bisa beri jalan tersembunyi yang lebih extreme seperti pada map mod, biar bisa adu skill saat mabar, Iklan di loading map sangat meresahkan!, Mohon dikurangi! Apalagi iklan video, ketika di (x) malah masuk link. ketika belok masih kurang halus, setir terlalu sensitif, pengaturan sensitifitas tidak bekerja/gak ngaruh sama sekali. Satu lagi mode mabar harusnya bayarnya kalo sudah nemu room. 	I really like the gameplay, moreover there is a hidden path so it's close to an open world game, if you can give a hidden path that is more extreme like in the map mod, so you can compete skills when you're moving, Ads on the loading map are very disturbing!, Please reduce it! Moreover, video ads, when in (x) instead enter the link. when turning is still not smooth, the steering wheel is too sensitive, the sensitivity setting doesn't work/ doesn't affect it at all. One more mabar mode, you have to pay when you find a room.	Neutral	Neutral
164	Gem online atau offline aku nggak akan main aku kasih bintang lima gem ya nggak online 	Gems online or offline, I won't play, I'll give five gem stars, it's not online	Neutral	Neutral
165	Tambah besar saja penyimpanannya. Bikin lemot 	Just increase the storage. Make it slow	Neutral	Neutral
166	tolong kalo kita di jalan tanjakan bawa truck tribal kan pelan tarikan nya berat.yg belakang kok nabrak nabrak ga kesabaran itu saya risih banget saya akui game ini bagus tapi yaitu minus nya.oiya lebih bagus kalo misalnya bus nya bisa kotor dan bisa di cuci di pencucian gitu warung makanan pun bisa di kunjungi orang orang di pinggir jalan juga di bikin suapaya lebih real lagi udasih itu aja permintaan saya 	please, if we are on an incline, bring a tribal truck, slowly, the pull is heavy. the one behind it, how come it crashes, it doesn't have patience, I'm really uncomfortable, I admit this game is good, but that is the minus. washing, so food stalls can be visited by people on the side of the road, they can also be made to make it more real, that's all my request	Neutral	Neutral
167	Tolong Buat Para Untuk Di Perbaiki Lagi Jalur NPC Nya. Kadang-Kadang NPC Nya Bug Gak Mau Jalan Padahal Tidak Ada Lampu Merah. Bikin Stuck / Macet Aja. Bagi Ku Sangat Mengganggu Sekali 	Please make the NPC path repaired again. Sometimes the NPC Bug won't walk even though there's no red light. Just make it stuck. For Me Very Disturbing Once	Neutral	Neutral
168	Tolong bug stir nya di perbaiki,, sensitit setir nya ga ngefek banget.. Sama ajah 	Please fix the steering bug, the steering wheel is sensitive, it doesn't really have an effect... It's the same	Neutral	Neutral
169	Tolong lakukan hal yang ku inginkan ini yaitu, update untuk bisa multiplayer menggunakan mod, lihat map dan perbaiki 4 hal ini :1.bis nabrak pohon atau tanaman kecil aja bis nya yang kalah, 2.buat game ini bisa bebas kemana mana, 3.atasi bug bug ngeselin,4.buat game ini juga biar lebih real, pasti kalo lebih nyata game nya kan lebih menyenangkan mulai dari grafik dan bentuk rumah apalagi kalo bisa rumah nya sangat nyata seperti aslinya pasti lebih seru.. 1 tahun g update 	Please do the thing I want, namely, update to be able to multiplayer using mods, look at the map and fix these 4 things: 1. the bus crashes into a tree or a small plant, the bus loses, 2. makes this game free to go anywhere, 3. fix annoying bugs, 4. make this game more real too, of course if it's more real the game is more fun starting from the graphics and the shape of the house especially if you can make the house very real like the original it will be more exciting.. 1 year g update	Neutral	Neutral
170	Tolong perbaiki jalur map di Banyuwangi, kalo lewat map Banyuwangi pasti tidak akan bisa keluar ditambah petunjuk map nya juga putus , padahal udh sampe tempat loading map , Masi aja GK bisa keluar 	Please fix the map path in Banyuwangi, if you go through the Banyuwangi map you definitely won't be able to get out plus the map instructions are also broken, even though you have arrived at the loading map, still can't get out	Neutral	Neutral
171	Tolonglah iklannya di kurangin, setiap loading map pasti ada iklan. sama satu lagi pas loading map itu lama banget loadingnya tolong di perbaiki 	Please reduce the ads, every loading map there must be ads. the same as the other one when loading the map it takes really long to load, please fix it	Neutral	Neutral
172	Untuk apdate kali ini memang sangat di nanti kan tapi ada berapa bug yang menjengkelkan yaitu saat akan mabar saya membuat romnya tapi tidak di temukan oleh teman saya dan bergantian teman saya yang buat saya mencari memang iya error ga ada romnya dan orang 2 romnya pada hilang sendiri terus muncul lagi 	For the update this time, it's really looking forward to it, but there are a number of annoying bugs, namely when it's going to be messy, I made the ROM but my friend didn't find it and it took turns for my friend to make me look for it, yes, the error doesn't have a ROM and the 2 people on the ROM disappeared by themselves keep showing up again	Neutral	Neutral
173	Untuk kontrol stirnya masih kurang halus.. 	The steering wheel control isn't smooth enough...	Neutral	Neutral
174	Untuk update an kali memang sangat dinantikan, tapi ada satu bug yang temukan, yaitu bug di iklan yang dimana iklan tersebut tidak dapat muncul videonya (terdapat pada loading map) padahal koneksi lancar. Minta tolong pada pihak untuk memperbaiki karena bugnya sangat menjengkelkan 	For updates, I really look forward to it, but there was one bug that was found, namely a bug in the ad where the video cannot appear (found on the loading map) even though the connection is smooth. Ask for help to fix because the bug is very annoying	Neutral	Neutral
175	Untuk update kali ini sudah bagus tapi ada bug yang sangat menjengkelkan seperti saat menggunakan bus bimasena sdd pada saat berhenti di lampu merah mka kendaraan yang lain akan menabrak dari belakang. Makasih semoga bisa di perbaiki secepatnya 	The update this time is good, but there are very annoying bugs, such as when using the Bimasena bus, when it stops at a red light, another vehicle will crash from behind. Thank you, hopefully it can be fixed as soon as possible	Neutral	Neutral
176	Update nya gk bener, lagi main terus pas loading map malah berhenti di tengah tengah loading 	The update isn't correct, when I'm playing it keeps on loading the map instead it stops in the middle of loading	Neutral	Neutral
177	Update terbaru nya udah mantap,tapi sayang mabar nya error,game ini kalo Error Mabarnya bakan membosankan Tolong cepat d perbaiki 	The latest update is great, but it's a shame there are errors, this game if the Mabar error is boring, please fix it quickly	Neutral	Neutral
178	Update yg cukup memuaskan tetapi ada beberapa bug yg cukup mengesalkan salah satu fore close sendiri padahal tidak device lumayan bagus dan baru beli mohon di perbaiki 	The update is quite satisfying but there are some bugs which are quite annoying, one of the fore closes itself even though it's not a pretty good device and just bought, please fix it	Neutral	Neutral
179	Updetan 3.7 dah bagus tapi kenapa apk sering keluar sendiri dan itu terus menjadi pengganggu dalam permainan mohon untuk di perbaiki lagi 	Update 3.7 is good but why does the apk often come out on its own and it continues to be a nuisance in the game, please fix it again	Neutral	Neutral
180	Apakah benar aplikasi indonesia mengadakan undian dr 1-99 Dan apakah benar hadiah itu ada atau hanya bohongan mohon di konfirmasi 	Is it true that the Indonesian application is holding a lottery from 1-99 and is it true that there is a prize or is it just a hoax, please confirm	Neutral	Neutral
181	"Apk nya bagus Tp tolong hati"" juga buat pengguna nya, Banyak unsur penipuan Banyak pula yg ngajakin vcs/bo Karena saya di sni nyari buat seriusan. "	The apk is good, but please be careful for the users too. There are lots of elements of fraud. Many are asking for vcs/bo. Because I'm here looking for something serious.	Neutral	Neutral
182	apk nya membingungkan 	the apk is confusing	Neutral	Neutral
183	aplikasinya ko ga bs dibuka,diam dilogo mohon kenapa bisa begitu 	how come the application can't be opened, it's stuck on the logo, please why is that so	Neutral	Neutral
184	Aplikasinya nagus cuma tidak tau alamat penhungjung tolong di perbaikan lagi kendala kekurangan trims 	The application is good, I just don't know the address of the visitor, please fix it again, the problem is lacking, thanks	Neutral	Neutral
185	Aplikasinya suka keluar sendiri. 	The app likes to exit on its own.	Neutral	Neutral
186	Area hutan buat semakin gelap kalo malam, buat semakin suram. kasih jalan yg sempit tp bisa dilalui kendaraan (biar kalo lagi gabut bisa jalan²) itu aja, maaf jika kurang jelas, jika ingin lebih jelas sleep call aj 	Make the forest area darker at night, make it even darker. give me a narrow road but vehicles can pass it (so if you're stuck you can walk around) that's all, sorry if it's not clear, if you want more details just call sleep	Neutral	Neutral
187	Assalamualaikum ini saya kasih bintang 4 karena pas main gem ini tiba tiba keluar ini kesalahan dari saya atau lain nya tapi saya suka gem ini 	Assalamualaikum, I give 4 stars because when I play this game, it suddenly comes out, this is an error from me or something else, but I like this gem	Neutral	Neutral
188	Assalamualaikum maaf developer sebagai pemain saya ingin komen bahwa saat memakai mode main bareng kenapa suka eror: 1. Pas lagi jalan tiba2 bus temen ilang sendiri padahal dia masih adda di dalam game yang sudah dimulai 2. Kata temen saya tiba2 dia disconecting sendiri padahal jaringan lancar, kuota masih banyak, dan untuk filenya sudah di kasih ruang 	Assalamualaikum, sorry the developer as a player, I want to comment that when using the play mode together, why do I get errors: 1. When I was walking, suddenly my friend's bus disappeared by itself even though he was still in the game that had already started 2. My friend said he suddenly disconnected himself even though the network was smooth , there is still a lot of quota, and space has been given for the files	Neutral	Neutral
189	Bagus sih tapi suka reconnect sendiri 	It's good but like to reconnect itself	Neutral	Neutral
190	bagus sih,,tp kalau bisa chat gratisannya jangan sebentar minimal sehari gitu 	it's good,, but if you can chat for free, don't wait for at least a day	Neutral	Neutral
191	bagus tpi kadang macet 	good but sometimes stuck	Neutral	Neutral
192	Bangkrut x kah 	Broke x kah	Neutral	Neutral
193	Bantu Info nya, Bagaimana Cara Menggantikan Kartu Yg Terdaftar Jika Hilang, Dengan Kartu Yg Baru.? 	Help with info, how to replace a registered card if it's lost, with a new card?	Neutral	Neutral
194	Banyak kenalan baru yaa.. cuman perlu hati2 juga.. karena banyak yg nipu jg.. 	Lots of new acquaintances.. you just need to be careful too.. because there are lots of people who are scammed too..	Neutral	Neutral
195	banyak yg chat kaya boot 	many chat like boot	Neutral	Neutral
196	Baru instal ni, moga tdk mngecewakan 	Just installed it, hope it doesn't disappoint	Neutral	Neutral
197	Baru mau dowload jd blm tau 	I just want to download it so I don't know	Neutral	Neutral
198	Baru nyoba ak kasih bintang 2 dulu ntr klo apk nya bagus ak tambahin 	Just tried it, I'll give it 2 stars first, if the apk is good, I'll add it	Neutral	Neutral
199	Belum tau kayak gimana jadi bintang tiga aja 	Don't know how it's like to be three stars	Neutral	Neutral
200	UDAH AH.. CAPEK MAIN NYA.. REDDEEM PULSA AJA DI HAPUS. Hari ini aku kangen indah Lastari. Ku suka indah, aku nitip doa sama PT Indonesia. Semoga aku & indah bisa jadi pasangan yang baik & bener 	ALREADY AH.. TIRED OF PLAYING.. REDEEM PULSE JUST DELETED. Today I miss the beautiful Lastari. I like beauty, I have a prayer for PT Indonesia. Hopefully I & Indah can be a good & true partner	Positive	Love
201	Bagus bangett sangat membantu kalau yang tidak downlod pasti nyesel di hari kemudian 	It's really good, it really helps if those who don't download it will definitely regret it the next day	Positive	Love
202	Baru pertama coba app tinder kaya Fren ini,emang keren lah cari jodoh di fren 	This is the first time trying a tinder app like Fren's, it's cool to find a match on fren	Positive	Love
203	Bus simulator sangat baguss wajib donload 	Very good bus simulator must download	Positive	Love
204	cocok yg jomblo wkakwq oke lah aflikasi ini memebantu,, 	it's suitable for single people, okay, this application helps,,	Positive	Love
205	saya suka game ini salah satu simulator indonesia!!!!!!grafiknya juga bagus!!!!!!!!!!!!!!!!!!!!!!!!!!!!!!!!!!!!!!!!!!!!!!!!!!!!!!!!!!!!!!!!!!!!!!!!!!!!!!!!!!!!!!!!!!!!!!!!!!!!!!!!!!!!!!!!!!!!!!!!!!!!!!!!!!!!!!!!!!!!!!bagus seperti asli!!!!!!!!!!!!!!!!!!!!!!!!!!!!!!!!!!!!!!!!!!!!!!!!!!!!!!!!!!!!!!!!!!!!!!!!!!!!!!!!!!!!!!!!!!!!!!!!!!!!!!!!!!!!!!!!!!!!!!!!!!!!!!!! 	I like this game, one of the Indonesian simulators!!!!!!!! the graphics are also good!!!!!!!!!!!!!!!!!!!!!!!!!!!!!!!!! !!!!!!!!!!!!!!!!!!!!!!!!!!!!!!!!!!!!!!!!!!!!!!!!!!!! !!!!!!!!!!!!!!!!!!!!!!!!!!!!!!!!!!!!!!!!!!!!!!!!!!!! !!!!!!!!!!!good as original!!!!!!!!!!!!!!!!!!!!!!!!!!!!!!!!!!!!!!!! !!!!!!!!!!!!!!!!!!!!!!!!!!!!!!!!!!!!!!!!!!!!!!!!!!!! !!!!!!!!!!!!!!!!!!!!!!!!!!!!!!!!!!!!!!!!	Positive	Love
206	Saya suka game ini soal nya grafik nya HD banget di hape saya 	I like this game because the graphics are really HD on my cellphone	Positive	Love
207	Saya suka mantap 	I like steady	Positive	Love
208	Semoga bisa dapet jodoh beneran melalui aplikasi ini 	Hopefully you can get a real mate through this application	Positive	Love
209	Semoga jodohku disini 	I hope my soul mate is here	Positive	Love
210	Semoga membantu untuk cari pasangan 	Hope this helps to find a partner	Positive	Love
211	Semogaa aaku dafett cew yangg baikk yangg bisa nerima kekurangann aku..aku ngasihh 3 duluu bintangg yh low banguss bangtt aku kasihh bintangg 5 .. makasihh yh.. 	I hope I can find a good girl who can accept my shortcomings... I'll give 3 stars first, it's really low, I'll give you 5 stars... thank you..	Positive	Love
212	Semogah aplikasi ini aq mendapatkan dodoh ku 	Hopefully this application I get my soul mate	Positive	Love
213	smga mndapat kan cewek idman 	I hope you get the girl of your dreams	Positive	Love
214	smoga aku dpt jdoh dsni. apk in lbih baik sya rsa 	I hope I can get married here. this apk is better i rsa	Positive	Love
215	Sya mu cri psngan hehe 	Sya you cri psngan hehe	Positive	Love
216	Thank you,pake aplikasi ini semoga calon jodohku segera datang ke hatiku. 	Thank you, using this application, I hope that my future mate will come to my heart soon.	Positive	Love
217	very good, bisa cari selingkuhan 	very good, can find an affair	Positive	Love
218	Wah bagus bener pacar aku sampe suka sama aku 	Wow, it's really good that my boyfriend likes me	Positive	Love
219	Ailopyu buat yang baca 	Ailopyu for those who read	Positive	Love
220	Aku cinta game buatan indonesia 	I love games made in Indonesia	Positive	Love
221	Aku cinta kamu. 	I love you.	Positive	Love
222	Aku cinta padamu dan aku sayang padamu kata baku tidak y? 	I love you and I love you is the default word no y?	Positive	Love
223	Aku cuka banget lope lope 	I really like lope lope	Positive	Love
224	Aku kasih 4 dulu , karena dapat 2 cewek dalam 1 malam ,makasi kencan . i love you full 	I gave 4 first, because I got 2 girls in 1 night, thanks for the date. i love you full	Positive	Love
225	Aku sayang kmu akh cinta kamu 	I love you, I love you	Positive	Love
226	Aku suka 	I like	Positive	Love
227	Aku suka apk ini, tapi semogaa saja ditambah fitur sinonim dan antonim di dalamnya 	I like this apk, but hopefully it will add synonyms and antonyms features in it	Positive	Love
228	aku suka aplikasi ini 	i like this app	Positive	Love
229	AKU SUKA BANGET APLIKASINYA 	I LOVE THE APPLICATION	Positive	Love
230	Aku suka banget pengiriman cepat pokonya 	I really like the fast delivery anyway	Positive	Love
231	aku suka banget sama aplikasi ini bisa cari pacar makasihh atas aplikasi ini 	I really like this application, I can find a girlfriend, thanks for this application	Positive	Love
232	Aku suka banget soalnya gak usah beli udah ada aplikasinya 	I really like it because you don't have to buy it already has an application	Positive	Love
233	aku suka dan cinta 	i like and love	Positive	Love
234	Aku suka dengan aplikasi ini,maju terus ya! 	I like this app, keep going!	Positive	Love
235	Aku suka game indonesia karena itu aku donlowd game ini 	I like Indonesian games, that's why I downloaded this game	Positive	Love
236	Aku suka game ini cinta deh 	I love this game love deh	Positive	Love
237	Aku suka game ini da 	I love this game da	Positive	Love
238	Aku suka ini 	I like this	Positive	Love
239	Aku suka sama bahasa Indonesia dan aku akan kasih komen ke kamu.. 	I like Indonesian and I will give a comment to you..	Positive	Love
240	Aku sukaa 	i love it	Positive	Love
241	aku udah 1 taun pake ini semoga aja, y krus nya paling tinggi dari yg lain dan terus lancar nyaman minggu gak libur tanggal merah gak libur jadi uank bisa di pake ketika lagi ada musibah, jatuh cinta sama aplikasi ini, walah krus di bawah yg lain 	I've been using this for 1 year, hopefully, the crux is the highest than the others and it continues to run smoothly, comfortable, Sundays don't have holidays on red dates, don't have holidays, so you can use it when there's a disaster, fall in love with this application, even though the crux is below the others	Positive	Love
242	Alhamdulillah saya suka dengan aplikasi ini 	Alhamdulillah I like this application	Positive	Love
243	Always my heart 	Always my heart	Positive	Love
244	Apknya bagus, keren, kita bisa makin cinta sm Indonesia. Tp kurang nya sih gini, klo pas mabar klo bisa pake mic aja, biar g usah ketik2.repot jd nya, malah nabrak..trs juga masih banyak iklan, mending klo dapet reward..Y udah sih, segitu aja dr saya.. Makasih.. 	The apk is good, cool, we can love Indonesia even more. But the drawbacks are like this, if you're just playing, you can just use the mic, so you don't have to type. Thanks..	Positive	Love
245	aplikasi semakin d depan, semoga kedepannya semakin sukses pokony love love tiada 2ny 	the application is getting ahead, hopefully in the future it will be even more successful, just love love, there are no 2 of them	Positive	Love
246	Aplikasi nya bagus banget, aku suka deh sama aplikasi nya 	The application is very good, I really like the application	Positive	Love
247	"Aplikasi terbaik kirim uang cepat nyampe pokoke lope""dah "	The best application to send money quickly, arrived at Lope's point	Positive	Love
248	Aplikasinya bikin nyaman, luv 	The app makes it comfortable, luv	Positive	Love
249	Aplikasinya sy suka .. sy udh dpt kenalan wlw br maen aplikasi ini 	I like the application... I've got acquaintances when I play this application	Positive	Love
250	Apakah aplikasi ini aman 	Is this application safe	Positive	Happy
251	Dimas anjay mabar 	Dimas is anjay mabar	Positive	Happy
252	Gamenya sangat keren dan mapnya real, apalagi sudah update versi 3.7 lebih banyak fitur dan grafiknya super bagus. Tapi sayang sekali, di versi 3.7 ini masih ada beberapa bug yg bikin saya kesal saat main seperti: Bug di menu garasi yg mobilnya hilang pas kita milih di garasi dan loadingnya juga sangat lama, sentivitas stir error, room di mode mabar suka hilang²ngan terus. Mohon segera diperbaiki atas masalah bug yang ini. Tetap semangat ya dan terima kasih atas update 3.7 ini. 	The game is very cool and the maps are real, moreover, the updated version 3.7 has more features and the graphics are super good. But it's a shame, in version 3.7 there are still a number of bugs that irritate me when playing, such as: A bug in the garage menu where the car disappears when we select it in the garage and it takes too long to load, steering error sensitivity, rooms in high mode just keep disappearing. Please fix this bug as soon as possible. Keep up the good work and thank you for this 3.7 update.	Positive	Happy
253	tolong perbaikin bug telolet masa kdg ga bunyi dan req dong tambah map sidoarjo dan tretes hehe anjay 	please fix the telolet bug when it doesn't sound and req please add the Sidoarjo map and tretes hehe anjay	Positive	Happy
254	UNTUNG ADA VPN INDONESIA KALAU GAK ADA..PASTI TERJEBAK DI SERVER RUSIA Tapi dowload nya lama -_- Diperbaikin lagi yah 	LUCKY THERE IS AN INDONESIAN VPN IF THERE'S NOTHING.. IT'S DEFINITELY TRADED ON THE RUSSIAN SERVER But it takes a long time to download -_- Please fix it again	Positive	Happy
255	Anak indonesia wajib donlod..jgn coc mulu dah jadul 	Indonesian children must download... don't always go old school	Positive	Happy
256	Anjay bus saya coy 	Anjay my bus coy	Positive	Happy
257	apk bagus skali........... .........tapi makin lm mti sendiri vpn nya 	the apk is really good........... .........but it's getting slower and the VPN itself dies	Positive	Happy
258	Apk ini tidak bagus jangan di download Tapi boong 	This apk is not good, don't download it, but it's boong	Positive	Happy
259	Apk nya jelek ................Tapi boong apk nya sangat bagus 	The apk is lousy ................But the boong apk is very good	Positive	Happy
260	apl jelek !!!!!!!!!!!!!!!!!!!!!!!!!!!!!!!!!!!!! tapi boong hayuk 	bad app!!!!!!!!!!!!!!!!!!!!!!!!!!!!!!!!!!!! but boong hayuk	Positive	Happy
261	"Aplikasi sangat membantu tapi kenapa saya ngga ada pilihan metode transfer ""Virtual Account"" ya? Awal-awal pake sempet ada, tapi sekarang ngga ada sama sekali. Jadinya pake metode ""Bank Transfer"" terus. Padahal pengen pake Virtual Account huhu "	"The application is very helpful, but why can't I choose the ""Virtual Account"" transfer method? In the beginning, I used it, but now I don't have it at all. So use the ""Bank Transfer"" method all the time. Even though I want to use a Virtual Account huhu"	Positive	Happy
262	Aplikasinya bermanfaat Tapi tolong poinnya jangan pelit-pelit ya..jangan bikin peraturan2 baru yg akan menyusahkan penggunanya. Kami pengguna kalau chatt di kasih poin dan kami ingin supaya aplikasi ini selalu maju sukses biar kami penggunanya jg kecipratan suksesnya dapat poin banyak dari oy Sukses selalu untuk 	The application is useful. But please don't be stingy... don't make new rules that will inconvenience the users. We users give points when chatting and we want this application to always progress successfully so that our users can also be splashed with success getting lots of points from oy Success always for	Positive	Happy
263	aplikasinya jelek banget,, tapi boong 	the app is really bad,, but boong	Positive	Happy
264	Aplikasinya jelek bngt tttttttttttttttttttttttttttttttttttttt tapi boong ong ong pal palle pal palle cepetan donload sekarang kalo ga donload nyesel kalian 	The application is bad, really tttttttttttttttttttttttttttttttttttttttan but boong ong ngg palle palle palle quickly download now if you don't download your regret	Positive	Happy
265	bagus dan jangan lagi anda putuskan jaringannya tanpa pengetahuan saya 	great and don't disconnect the network without my knowledge	Positive	Happy
266	Bagus si tapi sejak kapan!!!!!! Zaman musket ada mini gun !!!!! Tapi bagus 	Nice sis but since when!!!!! The musket age has a mini gun!!!!! But good	Positive	Happy
267	Bahkan banyak sekali yang bikin heboh dunia yang bikin jadi ke situ saya akan memberikan informasi tentang kualitas penangkapan itu 	In fact, there are lots of things that have caused an uproar in the world, so I will go there to provide information about the quality of the arrests	Positive	Happy
268	Beri berita yg akurat , tepat dan menyeluruh ke pelosok dunia ! Jangan berita tidak akurat disampaikan !!!!!!!! 	Give accurate, precise and comprehensive news to all corners of the world! Do not convey inaccurate news!!!!!!!!	Positive	Happy
269	Makasih banget dah sama aplikasi ini berkat aplikasi ini aku punya banyak teman YANG GK DOWNLOD nyesel dewek iho 	Thank you very much for this application. Thanks to this application, I have many friends WHO DO NOT DOWNLOD, I regret that they are girls	Positive	Happy
270	"Mantap tingkatkan lagi kok sering mati tiba"" jadi leg pas main game..padahal sdh langganan kok masih tetap sering mati sendiri..perbaiki lagi la..sm ajak free klw tetap masih bisa mati sendiri tiba"" "	"It's great, how come it often turns off suddenly ""so it's leg when playing games... even though I've subscribed, how come it still often turns off by itself... fix it again... just ask for free if it can still turn itself off suddenly"""	Positive	Happy
271	ᥬ᭄ ᥬ᭄ 	ᥬ᭄ ᥬ᭄	Positive	Happy
272	(Cepat-Nyata-Netral) dan juga Live streamingnya No Buffering walaupun kecepatn intrnet 5kb/s 	(Real-Fast-Neutral) and live streaming No Buffering even though the internet speed is 5kb/s	Positive	Happy
273	kapan update nya udah tahun 2023 kapan yg update nya pliss kasih bus jb3 shd jb3 rombak itu nanti di tambahkan di toko ya sama map baru ya sama kalau pakai mobil mod bisa buat mabar ya plissssssssss pasti makin seruu ya plissssssssssss 	when will the update be in 2023 when will the update please give the jb3 shd jb3 bus overhaul it later it will be added to the store, yes, with a new map, yes, if you use a mod car, it can make you play, plzssssssss, it will be even more exciting, plzssssssssss	Positive	Happy
274	,,pelayanan sll amanah & smg lancar trs 	,, the service is always trustworthy & smooth all the way	Positive	Happy
275	".sgt""aktual pada berita""dunia. dan ter up date.terima-kasih. buatnya team .moga selalu jaya. "	".sgt""actual on the""world news. and up to date. thank you. for the team. hopefully always victorious."	Positive	Happy
276	aku kasih bintang 5, karena memang bagus banget, kirim uang cepet nyampe indo 	I give 5 stars, because it's really good, send money quickly to Indo	Positive	Happy
277	Aplikasi ini bagus banget aku dapat pacr akhir nya 	This app is really good I got a boyfriend finally	Positive	Happy
278	aplikasi ter the best bngt pokok nya 	the best application is really the point	Positive	Happy
279	Aplikasinya bagus bgt, mudah, cepat dan aman transaksinya. Bukan aplikasi yg abal abal deh. Thanks ! 	The application is really good, easy, fast and secure transactions. It's not a stupid application. Thanks!	Positive	Happy
280	bagus 	Good	Positive	Happy
281	bagus, bintang 5 dulu.. Skrg butuh independensi,berita berimbang,aktual,tajam dan dpt dipercaya.. Go untuk yang lebih baik 	good, 5 stars first.. Now we need independence, balanced, actual, sharp and trustworthy news.. Go for something better	Positive	Happy
282	berita akurat n terpercaya 	accurate and reliable news	Positive	Happy
283	beritanya selalu saya tunggu, sebab infonya selalu menarik untuk edukasi. 	I always wait for the news, because the info is always interesting for education.	Positive	Happy
284	best pokoke 	best staple	Positive	Happy
285	cepat dan akurat..yang pasti real time..saat berita diturunkan sehingga kita tidak ketinggalan informasinya, good job.. 	fast and accurate..which is for sure real time..when the news is released so we don't miss the information, good job..	Positive	Happy
286	Daring bagus banget buat di download kalo yang gak punya buku nya 	Online is really good for downloading if you don't have the book	Positive	Happy
287	emang keren..kirim baru 2 menit langsung nyampe. ke rek indo..siang malam slalu lancar gk ada libur .pokoke mantul terus.. sukses selalu untuk . 	it's really cool..just sent it in 2 minutes and it arrived. to rek indo... day and night, it's always smooth, there's no holiday. just keep on bouncing.. always success for .	Positive	Happy
288	emang the best slalu ngerti para PMI moga mkin lancar usaha nya makin sukses dan makin maju Pling di depan pokok nya sukses terus 	the best is that you always understand PMIs, hopefully the smoother the business, the more successful and more advanced Pling in front of the point is continued success	Positive	Happy
289	emang the best.. 	really the best..	Positive	Happy
290	emang top markotop,,Aku masih diperjalanan gowes sepeda ehh hp udah bunyi aja chat dr laokong klo uang udh masuklangsung deh gowesnya lebih semangat biar cpt nyampe rmh 	really top markotop,, I'm still on the way to ride a bicycle, ehh, the cellphone just rings, just chat from Laokong, if the money has come in, go straight to the ride, be more enthusiastic so that it arrives quickly at home	Positive	Happy
291	good 	good	Positive	Happy
292	indonesia aplikasinya bagus dilihat dari fitur aplikasinya juga membantu khususnya untuk transaksi sangat mudah. somoga terus bermanfaat kedepannya 	Indonesia, the application is good, seen from the features of the application, it also helps, especially for very easy transactions. hopefully it will continue to be useful in the future	Positive	Happy
293	Indonesia baguss bangett transaksi Alhamdulillah cepat. Salut bgt sama aplikasi ini. The Best 	Indonesia is really good, thank God the transaction is fast. Greetings with this application. The Best	Positive	Happy
294	Indonesia beritanya ok banget,tidak mengada ada..mantap,semoga selalu menjadi yg no 1 	Indonesia's news is really ok, there's no making it up..great, hopefully it will always be number 1	Positive	Happy
295	Indonesia emang top info apapun lengkap beritanya juga update 	Indonesia is indeed the top with any complete information, the news is also updated	Positive	Happy
296	Indonesia mantul moga kedrpan lebih baik lagi . 	Indonesia bounces, hopefully kedrpan will be even better.	Positive	Happy
297	indonesia okt.mantap.tetap berikan info2 akurat dan kredibel 	indonesia okt. steady. keep providing accurate and credible info	Positive	Happy
298	Indonesia saat yg tepat untuk transfer uang. Indonesia tidak perlu topup uang ke akun tapi tetap bisa transfer. Mantap dahh.. 	Indonesia is the right time to transfer money. Indonesia does not need to top up money to the account but can still transfer. great..	Positive	Happy
299	Indonesia salah satu portal berita on line yg the best 	Indonesia is one of the best online news portals	Positive	Happy
